workload,syscall,block_size_bytes,cache_state,num_jobs,kernel_variant,metric,value,unit,run_id
sweep,write,512,warm,1,baseline_control,latency_ns,41866.26,ns,run_01
sweep,write,512,warm,1,baseline_control,throughput_mbs,9.2,MB/s,run_01
sweep,read,512,warm,1,baseline_control,latency_ns,10257.88,ns,run_01
sweep,read,512,warm,1,baseline_control,throughput_mbs,26.36,MB/s,run_01
sweep,write,512,cold,1,baseline_control,latency_ns,22161.97,ns,run_01
sweep,write,512,cold,1,baseline_control,throughput_mbs,15.74,MB/s,run_01
sweep,write,1024,warm,1,baseline_control,latency_ns,74556.25,ns,run_01
sweep,write,1024,warm,1,baseline_control,throughput_mbs,11.06,MB/s,run_01
sweep,read,1024,warm,1,baseline_control,latency_ns,14514.88,ns,run_01
sweep,read,1024,warm,1,baseline_control,throughput_mbs,38.51,MB/s,run_01
sweep,write,1024,cold,1,baseline_control,latency_ns,30164.42,ns,run_01
sweep,write,1024,cold,1,baseline_control,throughput_mbs,24.65,MB/s,run_01
sweep,write,2048,warm,1,baseline_control,latency_ns,142948.35,ns,run_01
sweep,write,2048,warm,1,baseline_control,throughput_mbs,12.06,MB/s,run_01
sweep,read,2048,warm,1,baseline_control,latency_ns,21260.79,ns,run_01
sweep,read,2048,warm,1,baseline_control,throughput_mbs,54.42,MB/s,run_01
sweep,write,2048,cold,1,baseline_control,latency_ns,37853.54,ns,run_01
sweep,write,2048,cold,1,baseline_control,throughput_mbs,40.71,MB/s,run_01
sweep,write,4096,warm,1,baseline_control,latency_ns,53110.61,ns,run_01
sweep,write,4096,warm,1,baseline_control,throughput_mbs,57.35,MB/s,run_01
sweep,read,4096,warm,1,baseline_control,latency_ns,33724.57,ns,run_01
sweep,read,4096,warm,1,baseline_control,throughput_mbs,73.73,MB/s,run_01
sweep,write,4096,cold,1,baseline_control,latency_ns,55921.35,ns,run_01
sweep,write,4096,cold,1,baseline_control,throughput_mbs,58.08,MB/s,run_01
sweep,write,8192,warm,1,baseline_control,latency_ns,79223.8,ns,run_01
sweep,write,8192,warm,1,baseline_control,throughput_mbs,79.01,MB/s,run_01
sweep,read,8192,warm,1,baseline_control,latency_ns,65050.51,ns,run_01
sweep,read,8192,warm,1,baseline_control,throughput_mbs,78.43,MB/s,run_01
sweep,write,8192,cold,1,baseline_control,latency_ns,103325.15,ns,run_01
sweep,write,8192,cold,1,baseline_control,throughput_mbs,66.95,MB/s,run_01
sweep,write,16384,warm,1,baseline_control,latency_ns,136771.78,ns,run_01
sweep,write,16384,warm,1,baseline_control,throughput_mbs,94.67,MB/s,run_01
sweep,read,16384,warm,1,baseline_control,latency_ns,147193.31,ns,run_01
sweep,read,16384,warm,1,baseline_control,throughput_mbs,75.29,MB/s,run_01
sweep,write,16384,cold,1,baseline_control,latency_ns,146253.09,ns,run_01
sweep,write,16384,cold,1,baseline_control,throughput_mbs,96.97,MB/s,run_01
sweep,write,32768,warm,1,baseline_control,latency_ns,252741.44,ns,run_01
sweep,write,32768,warm,1,baseline_control,throughput_mbs,104.92,MB/s,run_01
sweep,read,32768,warm,1,baseline_control,latency_ns,195779.25,ns,run_01
sweep,read,32768,warm,1,baseline_control,throughput_mbs,103.56,MB/s,run_01
sweep,write,32768,cold,1,baseline_control,latency_ns,361468.35,ns,run_01
sweep,write,32768,cold,1,baseline_control,throughput_mbs,81.63,MB/s,run_01
sweep,write,65536,warm,1,baseline_control,latency_ns,553846.95,ns,run_01
sweep,write,65536,warm,1,baseline_control,throughput_mbs,96.68,MB/s,run_01
sweep,read,65536,warm,1,baseline_control,latency_ns,731040.2,ns,run_01
sweep,read,65536,warm,1,baseline_control,throughput_mbs,66.39,MB/s,run_01
sweep,write,65536,cold,1,baseline_control,latency_ns,627641.29,ns,run_01
sweep,write,65536,cold,1,baseline_control,throughput_mbs,95.24,MB/s,run_01
sweep,write,131072,warm,1,baseline_control,latency_ns,949630.9,ns,run_01
sweep,write,131072,warm,1,baseline_control,throughput_mbs,113.47,MB/s,run_01
sweep,read,131072,warm,1,baseline_control,latency_ns,840713.63,ns,run_01
sweep,read,131072,warm,1,baseline_control,throughput_mbs,100.0,MB/s,run_01
sweep,write,131072,cold,1,baseline_control,latency_ns,1350420.62,ns,run_01
sweep,write,131072,cold,1,baseline_control,throughput_mbs,89.38,MB/s,run_01
sweep,write,262144,warm,1,baseline_control,latency_ns,1791584.45,ns,run_01
sweep,write,262144,warm,1,baseline_control,throughput_mbs,120.75,MB/s,run_01
sweep,read,262144,warm,1,baseline_control,latency_ns,2799955.08,ns,run_01
sweep,read,262144,warm,1,baseline_control,throughput_mbs,68.96,MB/s,run_01
sweep,write,262144,cold,1,baseline_control,latency_ns,2139942.89,ns,run_01
sweep,write,262144,cold,1,baseline_control,throughput_mbs,113.47,MB/s,run_01
sweep,write,524288,warm,1,baseline_control,latency_ns,3604903.44,ns,run_01
sweep,write,524288,warm,1,baseline_control,throughput_mbs,120.75,MB/s,run_01
sweep,read,524288,warm,1,baseline_control,latency_ns,3186264.22,ns,run_01
sweep,read,524288,warm,1,baseline_control,throughput_mbs,100.31,MB/s,run_01
sweep,write,524288,cold,1,baseline_control,latency_ns,4348989.53,ns,run_01
sweep,write,524288,cold,1,baseline_control,throughput_mbs,112.28,MB/s,run_01
sweep,write,1048576,warm,1,baseline_control,latency_ns,7250369.06,ns,run_01
sweep,write,1048576,warm,1,baseline_control,throughput_mbs,121.67,MB/s,run_01
sweep,read,1048576,warm,1,baseline_control,latency_ns,6314820.31,ns,run_01
sweep,read,1048576,warm,1,baseline_control,throughput_mbs,100.63,MB/s,run_01
sweep,write,1048576,cold,1,baseline_control,latency_ns,9366987.81,ns,run_01
sweep,write,1048576,cold,1,baseline_control,throughput_mbs,104.92,MB/s,run_01
sweep,write,512,warm,1,mitigated_off,latency_ns,44491.45,ns,run_01
sweep,write,512,warm,1,mitigated_off,throughput_mbs,8.77,MB/s,run_01
sweep,read,512,warm,1,mitigated_off,latency_ns,11141.66,ns,run_01
sweep,read,512,warm,1,mitigated_off,throughput_mbs,24.33,MB/s,run_01
sweep,write,512,cold,1,mitigated_off,latency_ns,247456.51,ns,run_01
sweep,write,512,cold,1,mitigated_off,throughput_mbs,1.9,MB/s,run_01
sweep,write,1024,warm,1,mitigated_off,latency_ns,77492.5,ns,run_01
sweep,write,1024,warm,1,mitigated_off,throughput_mbs,10.69,MB/s,run_01
sweep,read,1024,warm,1,mitigated_off,latency_ns,15347.35,ns,run_01
sweep,read,1024,warm,1,mitigated_off,throughput_mbs,38.55,MB/s,run_01
sweep,write,1024,cold,1,mitigated_off,latency_ns,25521.05,ns,run_01
sweep,write,1024,cold,1,mitigated_off,throughput_mbs,28.22,MB/s,run_01
sweep,write,2048,warm,1,mitigated_off,latency_ns,152379.41,ns,run_01
sweep,write,2048,warm,1,mitigated_off,throughput_mbs,11.31,MB/s,run_01
sweep,read,2048,warm,1,mitigated_off,latency_ns,22284.26,ns,run_01
sweep,read,2048,warm,1,mitigated_off,throughput_mbs,56.64,MB/s,run_01
sweep,write,2048,cold,1,mitigated_off,latency_ns,37599.87,ns,run_01
sweep,write,2048,cold,1,mitigated_off,throughput_mbs,41.08,MB/s,run_01
sweep,write,4096,warm,1,mitigated_off,latency_ns,50331.78,ns,run_01
sweep,write,4096,warm,1,mitigated_off,throughput_mbs,59.7,MB/s,run_01
sweep,read,4096,warm,1,mitigated_off,latency_ns,38966.37,ns,run_01
sweep,read,4096,warm,1,mitigated_off,throughput_mbs,64.65,MB/s,run_01
sweep,write,4096,cold,1,mitigated_off,latency_ns,49463.49,ns,run_01
sweep,write,4096,cold,1,mitigated_off,throughput_mbs,64.39,MB/s,run_01
sweep,write,8192,warm,1,mitigated_off,latency_ns,89012.19,ns,run_01
sweep,write,8192,warm,1,mitigated_off,throughput_mbs,70.95,MB/s,run_01
sweep,read,8192,warm,1,mitigated_off,latency_ns,53723.74,ns,run_01
sweep,read,8192,warm,1,mitigated_off,throughput_mbs,112.28,MB/s,run_01
sweep,write,8192,cold,1,mitigated_off,latency_ns,80622.26,ns,run_01
sweep,write,8192,cold,1,mitigated_off,throughput_mbs,83.33,MB/s,run_01
sweep,write,16384,warm,1,mitigated_off,latency_ns,145307.05,ns,run_01
sweep,write,16384,warm,1,mitigated_off,throughput_mbs,86.49,MB/s,run_01
sweep,read,16384,warm,1,mitigated_off,latency_ns,104827.64,ns,run_01
sweep,read,16384,warm,1,mitigated_off,throughput_mbs,96.68,MB/s,run_01
sweep,write,16384,cold,1,mitigated_off,latency_ns,136724.56,ns,run_01
sweep,write,16384,cold,1,mitigated_off,throughput_mbs,102.89,MB/s,run_01
sweep,write,32768,warm,1,mitigated_off,latency_ns,311898.17,ns,run_01
sweep,write,32768,warm,1,mitigated_off,throughput_mbs,85.56,MB/s,run_01
sweep,read,32768,warm,1,mitigated_off,latency_ns,201396.95,ns,run_01
sweep,read,32768,warm,1,mitigated_off,throughput_mbs,101.27,MB/s,run_01
sweep,write,32768,cold,1,mitigated_off,latency_ns,292970.23,ns,run_01
sweep,write,32768,cold,1,mitigated_off,throughput_mbs,100.0,MB/s,run_01
sweep,write,65536,warm,1,mitigated_off,latency_ns,488326.64,ns,run_01
sweep,write,65536,warm,1,mitigated_off,throughput_mbs,109.59,MB/s,run_01
sweep,read,65536,warm,1,mitigated_off,latency_ns,445994.53,ns,run_01
sweep,read,65536,warm,1,mitigated_off,throughput_mbs,93.02,MB/s,run_01
sweep,write,65536,cold,1,mitigated_off,latency_ns,490270.0,ns,run_01
sweep,write,65536,cold,1,mitigated_off,throughput_mbs,120.3,MB/s,run_01
sweep,write,131072,warm,1,mitigated_off,latency_ns,986745.35,ns,run_01
sweep,write,131072,warm,1,mitigated_off,throughput_mbs,110.34,MB/s,run_01
sweep,read,131072,warm,1,mitigated_off,latency_ns,899633.32,ns,run_01
sweep,read,131072,warm,1,mitigated_off,throughput_mbs,93.57,MB/s,run_01
sweep,write,131072,cold,1,mitigated_off,latency_ns,989516.52,ns,run_01
sweep,write,131072,cold,1,mitigated_off,throughput_mbs,120.3,MB/s,run_01
sweep,write,262144,warm,1,mitigated_off,latency_ns,1871706.17,ns,run_01
sweep,write,262144,warm,1,mitigated_off,throughput_mbs,117.22,MB/s,run_01
sweep,read,262144,warm,1,mitigated_off,latency_ns,1767822.5,ns,run_01
sweep,read,262144,warm,1,mitigated_off,throughput_mbs,97.56,MB/s,run_01
sweep,write,262144,cold,1,mitigated_off,latency_ns,1836321.25,ns,run_01
sweep,write,262144,cold,1,mitigated_off,throughput_mbs,132.23,MB/s,run_01
sweep,write,524288,warm,1,mitigated_off,latency_ns,3676150.31,ns,run_01
sweep,write,524288,warm,1,mitigated_off,throughput_mbs,119.4,MB/s,run_01
sweep,read,524288,warm,1,mitigated_off,latency_ns,3829028.91,ns,run_01
sweep,read,524288,warm,1,mitigated_off,throughput_mbs,92.49,MB/s,run_01
sweep,write,524288,cold,1,mitigated_off,latency_ns,3828670.94,ns,run_01
sweep,write,524288,cold,1,mitigated_off,throughput_mbs,126.48,MB/s,run_01
sweep,write,1048576,warm,1,mitigated_off,latency_ns,7215766.56,ns,run_01
sweep,write,1048576,warm,1,mitigated_off,throughput_mbs,123.08,MB/s,run_01
sweep,read,1048576,warm,1,mitigated_off,latency_ns,5746209.06,ns,run_01
sweep,read,1048576,warm,1,mitigated_off,throughput_mbs,114.29,MB/s,run_01
sweep,write,1048576,cold,1,mitigated_off,latency_ns,7085790.31,ns,run_01
sweep,write,1048576,cold,1,mitigated_off,throughput_mbs,137.93,MB/s,run_01
sweep,write,512,warm,1,mitigated_on,latency_ns,172160.68,ns,run_01
sweep,write,512,warm,1,mitigated_on,throughput_mbs,2.44,MB/s,run_01
sweep,read,512,warm,1,mitigated_on,latency_ns,11106.58,ns,run_01
sweep,read,512,warm,1,mitigated_on,throughput_mbs,24.39,MB/s,run_01
sweep,write,512,cold,1,mitigated_on,latency_ns,120333.7,ns,run_01
sweep,write,512,cold,1,mitigated_on,throughput_mbs,3.36,MB/s,run_01
sweep,write,1024,warm,1,mitigated_on,latency_ns,229303.59,ns,run_01
sweep,write,1024,warm,1,mitigated_on,throughput_mbs,3.74,MB/s,run_01
sweep,read,1024,warm,1,mitigated_on,latency_ns,14867.21,ns,run_01
sweep,read,1024,warm,1,mitigated_on,throughput_mbs,37.3,MB/s,run_01
sweep,write,1024,cold,1,mitigated_on,latency_ns,139241.55,ns,run_01
sweep,write,1024,cold,1,mitigated_on,throughput_mbs,5.89,MB/s,run_01
sweep,write,2048,warm,1,mitigated_on,latency_ns,345160.68,ns,run_01
sweep,write,2048,warm,1,mitigated_on,throughput_mbs,5.1,MB/s,run_01
sweep,read,2048,warm,1,mitigated_on,latency_ns,23143.31,ns,run_01
sweep,read,2048,warm,1,mitigated_on,throughput_mbs,52.63,MB/s,run_01
sweep,write,2048,cold,1,mitigated_on,latency_ns,152194.72,ns,run_01
sweep,write,2048,cold,1,mitigated_on,throughput_mbs,10.89,MB/s,run_01
sweep,write,4096,warm,1,mitigated_on,latency_ns,189622.18,ns,run_01
sweep,write,4096,warm,1,mitigated_on,throughput_mbs,17.5,MB/s,run_01
sweep,read,4096,warm,1,mitigated_on,latency_ns,34660.31,ns,run_01
sweep,read,4096,warm,1,mitigated_on,throughput_mbs,69.41,MB/s,run_01
sweep,write,4096,cold,1,mitigated_on,latency_ns,176824.63,ns,run_01
sweep,write,4096,cold,1,mitigated_on,throughput_mbs,19.09,MB/s,run_01
sweep,write,8192,warm,1,mitigated_on,latency_ns,243888.83,ns,run_01
sweep,write,8192,warm,1,mitigated_on,throughput_mbs,27.54,MB/s,run_01
sweep,read,8192,warm,1,mitigated_on,latency_ns,61344.93,ns,run_01
sweep,read,8192,warm,1,mitigated_on,throughput_mbs,81.84,MB/s,run_01
sweep,write,8192,cold,1,mitigated_on,latency_ns,221935.11,ns,run_01
sweep,write,8192,cold,1,mitigated_on,throughput_mbs,31.07,MB/s,run_01
sweep,write,16384,warm,1,mitigated_on,latency_ns,338018.35,ns,run_01
sweep,write,16384,warm,1,mitigated_on,throughput_mbs,40.05,MB/s,run_01
sweep,read,16384,warm,1,mitigated_on,latency_ns,106295.85,ns,run_01
sweep,read,16384,warm,1,mitigated_on,throughput_mbs,94.12,MB/s,run_01
sweep,write,16384,cold,1,mitigated_on,latency_ns,338526.12,ns,run_01
sweep,write,16384,cold,1,mitigated_on,throughput_mbs,41.4,MB/s,run_01
sweep,write,32768,warm,1,mitigated_on,latency_ns,525220.7,ns,run_01
sweep,write,32768,warm,1,mitigated_on,throughput_mbs,52.63,MB/s,run_01
sweep,read,32768,warm,1,mitigated_on,latency_ns,219985.66,ns,run_01
sweep,read,32768,warm,1,mitigated_on,throughput_mbs,92.75,MB/s,run_01
sweep,write,32768,cold,1,mitigated_on,latency_ns,471433.11,ns,run_01
sweep,write,32768,cold,1,mitigated_on,throughput_mbs,61.18,MB/s,run_01
sweep,write,65536,warm,1,mitigated_on,latency_ns,809214.98,ns,run_01
sweep,write,65536,warm,1,mitigated_on,throughput_mbs,69.11,MB/s,run_01
sweep,read,65536,warm,1,mitigated_on,latency_ns,395120.27,ns,run_01
sweep,read,65536,warm,1,mitigated_on,throughput_mbs,102.56,MB/s,run_01
sweep,write,65536,cold,1,mitigated_on,latency_ns,893785.98,ns,run_01
sweep,write,65536,cold,1,mitigated_on,throughput_mbs,66.12,MB/s,run_01
sweep,write,131072,warm,1,mitigated_on,latency_ns,1305388.52,ns,run_01
sweep,write,131072,warm,1,mitigated_on,throughput_mbs,85.33,MB/s,run_01
sweep,read,131072,warm,1,mitigated_on,latency_ns,836188.59,ns,run_01
sweep,read,131072,warm,1,mitigated_on,throughput_mbs,100.0,MB/s,run_01
sweep,write,131072,cold,1,mitigated_on,latency_ns,1292057.89,ns,run_01
sweep,write,131072,cold,1,mitigated_on,throughput_mbs,92.75,MB/s,run_01
sweep,write,262144,warm,1,mitigated_on,latency_ns,2453322.97,ns,run_01
sweep,write,262144,warm,1,mitigated_on,throughput_mbs,91.95,MB/s,run_01
sweep,read,262144,warm,1,mitigated_on,latency_ns,1498548.52,ns,run_01
sweep,read,262144,warm,1,mitigated_on,throughput_mbs,139.13,MB/s,run_01
sweep,write,262144,cold,1,mitigated_on,latency_ns,2676103.2,ns,run_01
sweep,write,262144,cold,1,mitigated_on,throughput_mbs,90.91,MB/s,run_01
sweep,write,524288,warm,1,mitigated_on,latency_ns,4682742.97,ns,run_01
sweep,write,524288,warm,1,mitigated_on,throughput_mbs,93.29,MB/s,run_01
sweep,read,524288,warm,1,mitigated_on,latency_ns,3320867.03,ns,run_01
sweep,read,524288,warm,1,mitigated_on,throughput_mbs,100.0,MB/s,run_01
sweep,write,524288,cold,1,mitigated_on,latency_ns,4457545.31,ns,run_01
sweep,write,524288,cold,1,mitigated_on,throughput_mbs,109.59,MB/s,run_01
sweep,write,1048576,warm,1,mitigated_on,latency_ns,8530690.62,ns,run_01
sweep,write,1048576,warm,1,mitigated_on,throughput_mbs,104.23,MB/s,run_01
sweep,read,1048576,warm,1,mitigated_on,latency_ns,6445062.5,ns,run_01
sweep,read,1048576,warm,1,mitigated_on,throughput_mbs,103.9,MB/s,run_01
sweep,write,1048576,cold,1,mitigated_on,latency_ns,8610324.69,ns,run_01
sweep,write,1048576,cold,1,mitigated_on,throughput_mbs,113.88,MB/s,run_01
concurrency,write,4096,warm,1,baseline_control,throughput_mbs,61.1,MB/s,run_01
concurrency,write,4096,warm,2,baseline_control,throughput_mbs,49.9,MB/s,run_01
concurrency,write,4096,warm,4,baseline_control,throughput_mbs,49.0,MB/s,run_01
concurrency,write,4096,warm,1,mitigated_off,throughput_mbs,55.2,MB/s,run_01
concurrency,write,4096,warm,2,mitigated_off,throughput_mbs,45.3,MB/s,run_01
concurrency,write,4096,warm,4,mitigated_off,throughput_mbs,49.2,MB/s,run_01
concurrency,write,4096,warm,1,mitigated_on,throughput_mbs,18.4,MB/s,run_01
concurrency,write,4096,warm,2,mitigated_on,throughput_mbs,13.8,MB/s,run_01
concurrency,write,4096,warm,4,mitigated_on,throughput_mbs,13.7,MB/s,run_01
sqlite_macro,transaction,,sync_off,1,baseline_control,tps,484.13,tps,run_01
sqlite_macro,transaction,,sync_full,1,baseline_control,tps,4.87,tps,run_01
sqlite_macro,transaction,,sync_off,1,mitigated_off,tps,502.31,tps,run_01
sqlite_macro,transaction,,sync_full,1,mitigated_off,tps,5.48,tps,run_01
sqlite_macro,transaction,,sync_off,1,mitigated_on,tps,294.28,tps,run_01
sqlite_macro,transaction,,sync_full,1,mitigated_on,tps,5.36,tps,run_01
